insert into personale (id, nominativo, dob, residenza) values (1, 'Guillond', '1988-10-10', 'Cornello');
insert into personale (id, nominativo, dob, residenza) values (2, 'Farnfield', '1968-01-18', 'Zorzone');
insert into personale (id, nominativo, dob, residenza) values (3, 'Pyner', '1963-02-16', 'Cornalba');
insert into personale (id, nominativo, dob, residenza) values (4, 'Classen', '1966-03-25', 'Cornalba');
insert into personale (id, nominativo, dob, residenza) values (5, 'Hayers', '1978-06-28', 'Cornello');
insert into personale (id, nominativo, dob, residenza) values (6, 'Segoe', '1967-01-13', 'Zorzone');
insert into personale (id, nominativo, dob, residenza) values (7, 'Stitfall', '1972-12-10', 'Zorzone');
insert into personale (id, nominativo, dob, residenza) values (8, 'Lightewood', '1988-01-28', 'Cornello');
insert into personale (id, nominativo, dob, residenza) values (9, 'Llopis', '1988-01-12', 'Cornello');
insert into personale (id, nominativo, dob, residenza) values (10, 'Mac Giany', '1964-11-27', 'Zorzone');
insert into personale (id, nominativo, dob, residenza) values (11, 'Longina', '1981-10-16', 'Cornello');
insert into personale (id, nominativo, dob, residenza) values (12, 'Van Der Vlies', '1990-06-25', 'Zorzone');
insert into personale (id, nominativo, dob, residenza) values (13, 'Tillerton', '1970-09-13', 'Cornello');
insert into personale (id, nominativo, dob, residenza) values (14, 'Prestwich', '1960-10-30', 'Zorzone');
insert into personale (id, nominativo, dob, residenza) values (15, 'Timoney', '1986-04-01', 'Cornello');
insert into personale (id, nominativo, dob, residenza) values (16, 'Knibb', '1965-05-09', 'Cornello');
insert into personale (id, nominativo, dob, residenza) values (17, 'Fison', '1987-01-14', 'Zorzone');
insert into personale (id, nominativo, dob, residenza) values (18, 'Gregon', '1976-01-16', 'Zorzone');
insert into personale (id, nominativo, dob, residenza) values (19, 'Dye', '1990-10-29', 'Cornalba');
insert into personale (id, nominativo, dob, residenza) values (20, 'Farey', '1960-06-04', 'Cornello');
insert into personale (id, nominativo, dob, residenza) values (21, 'Sigge', '1981-11-23', 'Cornalba');
insert into personale (id, nominativo, dob, residenza) values (22, 'Kaveney', '1960-06-25', 'Zorzone');
insert into personale (id, nominativo, dob, residenza) values (23, 'Kohneke', '1960-11-17', 'Cornello');
insert into personale (id, nominativo, dob, residenza) values (24, 'Cours', '1961-07-08', 'Cornalba');
insert into personale (id, nominativo, dob, residenza) values (25, 'Melody', '1977-03-31', 'Zorzone');
insert into personale (id, nominativo, dob, residenza) values (26, 'Jillard', '1975-02-24', 'Cornello');
insert into personale (id, nominativo, dob, residenza) values (27, 'Kochl', '1963-12-14', 'Zorzone');
insert into personale (id, nominativo, dob, residenza) values (28, 'Splevin', '1992-08-25', 'Cornello');
insert into personale (id, nominativo, dob, residenza) values (29, 'Leaver', '1973-01-26', 'Cornello');
insert into personale (id, nominativo, dob, residenza) values (30, 'Merrien', '1961-04-04', 'Cornello');
insert into personale (id, nominativo, dob, residenza) values (31, 'Pantin', '1971-03-27', 'Cornello');
insert into personale (id, nominativo, dob, residenza) values (32, 'Baudou', '1977-09-05', 'Cornello');
insert into personale (id, nominativo, dob, residenza) values (33, 'Brennand', '1977-07-17', 'Cornello');
insert into personale (id, nominativo, dob, residenza) values (34, 'McInerney', '1964-08-02', 'Cornello');
insert into personale (id, nominativo, dob, residenza) values (35, 'Hatherleigh', '1971-07-31', 'Zorzone');
insert into personale (id, nominativo, dob, residenza) values (36, 'Fellman', '1980-04-03', 'Cornello');
insert into personale (id, nominativo, dob, residenza) values (37, 'McOrkill', '1993-11-05', 'Zorzone');
insert into personale (id, nominativo, dob, residenza) values (38, 'Di Giorgio', '1991-12-18', 'Cornalba');
insert into personale (id, nominativo, dob, residenza) values (39, 'Peplay', '1969-02-22', 'Cornello');
insert into personale (id, nominativo, dob, residenza) values (40, 'Peel', '1985-12-14', 'Cornello');
insert into personale (id, nominativo, dob, residenza) values (41, 'Filippello', '1975-10-07', 'Cornello');
insert into personale (id, nominativo, dob, residenza) values (42, 'Lathwell', '1968-04-12', 'Cornello');
insert into personale (id, nominativo, dob, residenza) values (43, 'Gowans', '1990-10-02', 'Zorzone');
insert into personale (id, nominativo, dob, residenza) values (44, 'Rhubottom', '1970-03-30', 'Cornalba');
insert into personale (id, nominativo, dob, residenza) values (45, 'O''Heffernan', '1972-08-27', 'Cornalba');
insert into personale (id, nominativo, dob, residenza) values (46, 'Skim', '1961-07-11', 'Zorzone');
insert into personale (id, nominativo, dob, residenza) values (47, 'Orcott', '1965-04-23', 'Cornello');
insert into personale (id, nominativo, dob, residenza) values (48, 'Jopson', '1969-12-21', 'Cornalba');
insert into personale (id, nominativo, dob, residenza) values (49, 'Bonehill', '1963-11-28', 'Cornalba');
insert into personale (id, nominativo, dob, residenza) values (50, 'Stichel', '1984-08-24', 'Cornalba');
insert into gabbie (id, tipogabbia, capienzamax) values (1, 'Piscina', 2);
insert into gabbie (id, tipogabbia, capienzamax) values (2, 'Piscina', 6);
insert into gabbie (id, tipogabbia, capienzamax) values (3, 'Recinto', 5);
insert into gabbie (id, tipogabbia, capienzamax) values (4, 'Recinto', 7);
insert into gabbie (id, tipogabbia, capienzamax) values (5, 'Voliera', 8);
insert into gabbie (id, tipogabbia, capienzamax) values (6, 'Voliera', 1);
insert into gabbie (id, tipogabbia, capienzamax) values (7, 'Recinto', 4);
insert into gabbie (id, tipogabbia, capienzamax) values (8, 'Piscina', 1);
insert into gabbie (id, tipogabbia, capienzamax) values (9, 'Piscina', 8);
insert into gabbie (id, tipogabbia, capienzamax) values (10, 'Voliera', 9);
insert into gabbie (id, tipogabbia, capienzamax) values (11, 'Piscina', 8);
insert into gabbie (id, tipogabbia, capienzamax) values (12, 'Voliera', 10);
insert into gabbie (id, tipogabbia, capienzamax) values (13, 'Piscina', 10);
insert into gabbie (id, tipogabbia, capienzamax) values (14, 'Piscina', 9);
insert into gabbie (id, tipogabbia, capienzamax) values (15, 'Piscina', 9);
insert into gabbie (id, tipogabbia, capienzamax) values (16, 'Voliera', 6);
insert into gabbie (id, tipogabbia, capienzamax) values (17, 'Recinto', 8);
insert into gabbie (id, tipogabbia, capienzamax) values (18, 'Voliera', 7);
insert into gabbie (id, tipogabbia, capienzamax) values (19, 'Voliera', 5);
insert into gabbie (id, tipogabbia, capienzamax) values (20, 'Piscina', 3);
insert into gabbie (id, tipogabbia, capienzamax) values (21, 'Voliera', 9);
insert into gabbie (id, tipogabbia, capienzamax) values (22, 'Recinto', 5);
insert into gabbie (id, tipogabbia, capienzamax) values (23, 'Piscina', 6);
insert into gabbie (id, tipogabbia, capienzamax) values (24, 'Voliera', 10);
insert into gabbie (id, tipogabbia, capienzamax) values (25, 'Piscina', 8);
insert into gabbie (id, tipogabbia, capienzamax) values (26, 'Voliera', 8);
insert into gabbie (id, tipogabbia, capienzamax) values (27, 'Recinto', 7);
insert into gabbie (id, tipogabbia, capienzamax) values (28, 'Piscina', 6);
insert into gabbie (id, tipogabbia, capienzamax) values (29, 'Voliera', 4);
insert into gabbie (id, tipogabbia, capienzamax) values (30, 'Voliera', 8);
insert into gestisce (idpersonale, idgabbia) values (1, 19);
insert into gestisce (idpersonale, idgabbia) values (2, 27);
insert into gestisce (idpersonale, idgabbia) values (3, 5);
insert into gestisce (idpersonale, idgabbia) values (4, 9);
insert into gestisce (idpersonale, idgabbia) values (5, 5);
insert into gestisce (idpersonale, idgabbia) values (6, 30);
insert into gestisce (idpersonale, idgabbia) values (7, 23);
insert into gestisce (idpersonale, idgabbia) values (8, 22);
insert into gestisce (idpersonale, idgabbia) values (9, 22);
insert into gestisce (idpersonale, idgabbia) values (10, 6);
insert into gestisce (idpersonale, idgabbia) values (11, 16);
insert into gestisce (idpersonale, idgabbia) values (12, 3);
insert into gestisce (idpersonale, idgabbia) values (13, 4);
insert into gestisce (idpersonale, idgabbia) values (14, 22);
insert into gestisce (idpersonale, idgabbia) values (15, 14);
insert into gestisce (idpersonale, idgabbia) values (16, 16);
insert into gestisce (idpersonale, idgabbia) values (17, 18);
insert into gestisce (idpersonale, idgabbia) values (18, 11);
insert into gestisce (idpersonale, idgabbia) values (19, 18);
insert into gestisce (idpersonale, idgabbia) values (20, 1);
insert into gestisce (idpersonale, idgabbia) values (21, 13);
insert into gestisce (idpersonale, idgabbia) values (22, 29);
insert into gestisce (idpersonale, idgabbia) values (23, 11);
insert into gestisce (idpersonale, idgabbia) values (24, 8);
insert into gestisce (idpersonale, idgabbia) values (25, 11);
insert into gestisce (idpersonale, idgabbia) values (26, 3);
insert into gestisce (idpersonale, idgabbia) values (27, 6);
insert into gestisce (idpersonale, idgabbia) values (28, 22);
insert into gestisce (idpersonale, idgabbia) values (29, 3);
insert into gestisce (idpersonale, idgabbia) values (30, 24);
insert into gestisce (idpersonale, idgabbia) values (31, 22);
insert into gestisce (idpersonale, idgabbia) values (32, 7);
insert into gestisce (idpersonale, idgabbia) values (33, 1);
insert into gestisce (idpersonale, idgabbia) values (34, 5);
insert into gestisce (idpersonale, idgabbia) values (35, 8);
insert into gestisce (idpersonale, idgabbia) values (36, 19);
insert into gestisce (idpersonale, idgabbia) values (37, 18);
insert into gestisce (idpersonale, idgabbia) values (38, 16);
insert into gestisce (idpersonale, idgabbia) values (39, 2);
insert into gestisce (idpersonale, idgabbia) values (40, 8);
insert into gestisce (idpersonale, idgabbia) values (41, 8);
insert into gestisce (idpersonale, idgabbia) values (42, 11);
insert into gestisce (idpersonale, idgabbia) values (43, 28);
insert into gestisce (idpersonale, idgabbia) values (44, 1);
insert into gestisce (idpersonale, idgabbia) values (45, 19);
insert into gestisce (idpersonale, idgabbia) values (46, 12);
insert into gestisce (idpersonale, idgabbia) values (47, 26);
insert into gestisce (idpersonale, idgabbia) values (48, 11);
insert into gestisce (idpersonale, idgabbia) values (49, 1);
insert into gestisce (idpersonale, idgabbia) values (50, 15);
insert into gestisce (idgabbia, idpersonale) values (1, 46);
insert into gestisce (idgabbia, idpersonale) values (2, 48);
insert into gestisce (idgabbia, idpersonale) values (3, 4);
insert into gestisce (idgabbia, idpersonale) values (4, 14);
insert into gestisce (idgabbia, idpersonale) values (5, 38);
insert into gestisce (idgabbia, idpersonale) values (6, 12);
insert into gestisce (idgabbia, idpersonale) values (7, 50);
insert into gestisce (idgabbia, idpersonale) values (8, 25);
insert into gestisce (idgabbia, idpersonale) values (9, 11);
insert into gestisce (idgabbia, idpersonale) values (10, 29);
insert into gestisce (idgabbia, idpersonale) values (11, 6);
insert into gestisce (idgabbia, idpersonale) values (12, 6);
insert into gestisce (idgabbia, idpersonale) values (13, 15);
insert into gestisce (idgabbia, idpersonale) values (14, 25);
insert into gestisce (idgabbia, idpersonale) values (15, 13);
insert into gestisce (idgabbia, idpersonale) values (16, 20);
insert into gestisce (idgabbia, idpersonale) values (17, 33);
insert into gestisce (idgabbia, idpersonale) values (18, 29);
insert into gestisce (idgabbia, idpersonale) values (19, 2);
insert into gestisce (idgabbia, idpersonale) values (20, 33);
insert into gestisce (idgabbia, idpersonale) values (21, 17);
insert into gestisce (idgabbia, idpersonale) values (22, 2);
insert into gestisce (idgabbia, idpersonale) values (23, 22);
insert into gestisce (idgabbia, idpersonale) values (24, 37);
insert into gestisce (idgabbia, idpersonale) values (25, 45);
insert into gestisce (idgabbia, idpersonale) values (26, 33);
insert into gestisce (idgabbia, idpersonale) values (27, 30);
insert into gestisce (idgabbia, idpersonale) values (28, 8);
insert into gestisce (idgabbia, idpersonale) values (29, 38);
insert into gestisce (idgabbia, idpersonale) values (30, 41);
insert into animali (id, specie, dob, sesso, pesoanimale, tipoalimentazione, idgabbia) values (1, 'Cobra', '2013-03-14', 'Femmina', 152.4, 'Carnivoro', 8);
insert into animali (id, specie, dob, sesso, pesoanimale, tipoalimentazione, idgabbia) values (2, 'Pappagallo', '2011-05-04', 'Maschio', 164.9, 'Carnivoro', 11);
insert into animali (id, specie, dob, sesso, pesoanimale, tipoalimentazione, idgabbia) values (3, 'Cavallo', '2011-09-27', 'Maschio', 56.2, 'Erbivoro', 14);
insert into animali (id, specie, dob, sesso, pesoanimale, tipoalimentazione, idgabbia) values (4, 'Serpente', '2010-08-07', 'Femmina', 157.7, 'Onnivoro', 5);
insert into animali (id, specie, dob, sesso, pesoanimale, tipoalimentazione, idgabbia) values (5, 'Cavallo', '2010-12-05', 'Femmina', 157.2, 'Carnivoro', 13);
insert into animali (id, specie, dob, sesso, pesoanimale, tipoalimentazione, idgabbia) values (6, 'Pappagallo', '2017-02-11', 'Femmina', 163.0, 'Erbivoro', 7);
insert into animali (id, specie, dob, sesso, pesoanimale, tipoalimentazione, idgabbia) values (7, 'Cobra', '2011-08-30', 'Maschio', 183.0, 'Carnivoro', 30);
insert into animali (id, specie, dob, sesso, pesoanimale, tipoalimentazione, idgabbia) values (8, 'Leopardo', '2018-09-06', 'Femmina', 179.4, 'Carnivoro', 8);
insert into animali (id, specie, dob, sesso, pesoanimale, tipoalimentazione, idgabbia) values (9, 'Scimmia', '2014-06-23', 'Maschio', 17.4, 'Onnivoro', 14);
insert into animali (id, specie, dob, sesso, pesoanimale, tipoalimentazione, idgabbia) values (10, 'Koala', '2015-02-22', 'Maschio', 151.3, 'Carnivoro', 30);
insert into animali (id, specie, dob, sesso, pesoanimale, tipoalimentazione, idgabbia) values (11, 'Koala', '2015-04-15', 'Maschio', 55.5, 'Erbivoro', 16);
insert into animali (id, specie, dob, sesso, pesoanimale, tipoalimentazione, idgabbia) values (12, 'Koala', '2010-02-27', 'Maschio', 133.7, 'Erbivoro', 14);
insert into animali (id, specie, dob, sesso, pesoanimale, tipoalimentazione, idgabbia) values (13, 'Insetto stecco', '2014-07-22', 'Femmina', 54.9, 'Onnivoro', 29);
insert into animali (id, specie, dob, sesso, pesoanimale, tipoalimentazione, idgabbia) values (14, 'Cobra', '2008-09-28', 'Maschio', 59.2, 'Carnivoro', 7);
insert into animali (id, specie, dob, sesso, pesoanimale, tipoalimentazione, idgabbia) values (15, 'Pappagallo', '2017-05-15', 'Maschio', 98.5, 'Carnivoro', 1);
insert into animali (id, specie, dob, sesso, pesoanimale, tipoalimentazione, idgabbia) values (16, 'Coccodrillo', '2012-11-05', 'Maschio', 68.6, 'Carnivoro', 2);
insert into animali (id, specie, dob, sesso, pesoanimale, tipoalimentazione, idgabbia) values (17, 'Leone', '2009-09-14', 'Maschio', 165.5, 'Erbivoro', 7);
insert into animali (id, specie, dob, sesso, pesoanimale, tipoalimentazione, idgabbia) values (18, 'Asino', '2012-05-18', 'Maschio', 98.3, 'Erbivoro', 17);
insert into animali (id, specie, dob, sesso, pesoanimale, tipoalimentazione, idgabbia) values (19, 'Ippopotamo', '2010-06-01', 'Maschio', 114.9, 'Carnivoro', 1);
insert into animali (id, specie, dob, sesso, pesoanimale, tipoalimentazione, idgabbia) values (20, 'Leopardo', '2016-09-09', 'Maschio', 147.0, 'Onnivoro', 26);
insert into animali (id, specie, dob, sesso, pesoanimale, tipoalimentazione, idgabbia) values (21, 'Ippopotamo', '2014-09-02', 'Femmina', 161.1, 'Onnivoro', 23);
insert into animali (id, specie, dob, sesso, pesoanimale, tipoalimentazione, idgabbia) values (22, 'Leone', '2020-01-01', 'Femmina', 192.0, 'Erbivoro', 9);
insert into animali (id, specie, dob, sesso, pesoanimale, tipoalimentazione, idgabbia) values (23, 'Pappagallo', '2008-09-13', 'Femmina', 160.8, 'Onnivoro', 24);
insert into animali (id, specie, dob, sesso, pesoanimale, tipoalimentazione, idgabbia) values (24, 'Insetto stecco', '2016-02-23', 'Maschio', 34.5, 'Carnivoro', 25);
insert into animali (id, specie, dob, sesso, pesoanimale, tipoalimentazione, idgabbia) values (25, 'Tucano', '2014-02-09', 'Maschio', 44.6, 'Onnivoro', 15);
insert into animali (id, specie, dob, sesso, pesoanimale, tipoalimentazione, idgabbia) values (26, 'Cavallo', '2013-09-30', 'Maschio', 162.9, 'Erbivoro', 27);
insert into animali (id, specie, dob, sesso, pesoanimale, tipoalimentazione, idgabbia) values (27, 'Asino', '2013-11-13', 'Femmina', 85.7, 'Onnivoro', 10);
insert into animali (id, specie, dob, sesso, pesoanimale, tipoalimentazione, idgabbia) values (28, 'Cavallo', '2017-10-25', 'Maschio', 52.7, 'Onnivoro', 29);
insert into animali (id, specie, dob, sesso, pesoanimale, tipoalimentazione, idgabbia) values (29, 'Koala', '2015-02-14', 'Maschio', 23.0, 'Carnivoro', 20);
insert into animali (id, specie, dob, sesso, pesoanimale, tipoalimentazione, idgabbia) values (30, 'Koala', '2015-02-25', 'Maschio', 25.9, 'Onnivoro', 22);
insert into animali (id, specie, dob, sesso, pesoanimale, tipoalimentazione, idgabbia) values (31, 'Serpente', '2014-04-21', 'Femmina', 118.5, 'Erbivoro', 5);
insert into animali (id, specie, dob, sesso, pesoanimale, tipoalimentazione, idgabbia) values (32, 'Serpente', '2011-07-04', 'Femmina', 66.7, 'Onnivoro', 27);
insert into animali (id, specie, dob, sesso, pesoanimale, tipoalimentazione, idgabbia) values (33, 'Civetta', '2009-07-08', 'Femmina', 102.0, 'Carnivoro', 17);
insert into animali (id, specie, dob, sesso, pesoanimale, tipoalimentazione, idgabbia) values (34, 'Pappagallo', '2009-04-16', 'Femmina', 190.2, 'Erbivoro', 1);
insert into animali (id, specie, dob, sesso, pesoanimale, tipoalimentazione, idgabbia) values (35, 'Pappagallo', '2012-09-08', 'Maschio', 74.6, 'Erbivoro', 21);
insert into animali (id, specie, dob, sesso, pesoanimale, tipoalimentazione, idgabbia) values (36, 'Coccodrillo', '2014-02-19', 'Maschio', 94.4, 'Erbivoro', 10);
insert into animali (id, specie, dob, sesso, pesoanimale, tipoalimentazione, idgabbia) values (37, 'Koala', '2018-12-30', 'Maschio', 172.7, 'Erbivoro', 14);
insert into animali (id, specie, dob, sesso, pesoanimale, tipoalimentazione, idgabbia) values (38, 'Asino', '2010-11-02', 'Maschio', 169.5, 'Onnivoro', 4);
insert into animali (id, specie, dob, sesso, pesoanimale, tipoalimentazione, idgabbia) values (39, 'Coccodrillo', '2015-04-16', 'Maschio', 178.4, 'Carnivoro', 11);
insert into animali (id, specie, dob, sesso, pesoanimale, tipoalimentazione, idgabbia) values (40, 'Cavallo', '2019-05-22', 'Femmina', 82.3, 'Onnivoro', 7);
insert into animali (id, specie, dob, sesso, pesoanimale, tipoalimentazione, idgabbia) values (41, 'Giraffa', '2010-03-04', 'Maschio', 73.8, 'Erbivoro', 16);
insert into animali (id, specie, dob, sesso, pesoanimale, tipoalimentazione, idgabbia) values (42, 'Ippopotamo', '2012-12-04', 'Femmina', 15.2, 'Onnivoro', 8);
insert into animali (id, specie, dob, sesso, pesoanimale, tipoalimentazione, idgabbia) values (43, 'Pappagallo', '2019-09-22', 'Maschio', 128.1, 'Onnivoro', 2);
insert into animali (id, specie, dob, sesso, pesoanimale, tipoalimentazione, idgabbia) values (44, 'Asino', '2009-08-10', 'Femmina', 190.3, 'Carnivoro', 13);
insert into animali (id, specie, dob, sesso, pesoanimale, tipoalimentazione, idgabbia) values (45, 'Cobra', '2009-01-18', 'Femmina', 33.5, 'Carnivoro', 28);
insert into animali (id, specie, dob, sesso, pesoanimale, tipoalimentazione, idgabbia) values (46, 'Coccodrillo', '2017-09-09', 'Femmina', 72.7, 'Erbivoro', 28);
insert into animali (id, specie, dob, sesso, pesoanimale, tipoalimentazione, idgabbia) values (47, 'Giraffa', '2015-08-21', 'Maschio', 31.8, 'Erbivoro', 29);
insert into animali (id, specie, dob, sesso, pesoanimale, tipoalimentazione, idgabbia) values (48, 'Civetta', '2011-05-04', 'Maschio', 113.5, 'Carnivoro', 8);
insert into animali (id, specie, dob, sesso, pesoanimale, tipoalimentazione, idgabbia) values (49, 'Leopardo', '2016-11-15', 'Femmina', 197.0, 'Carnivoro', 5);
insert into animali (id, specie, dob, sesso, pesoanimale, tipoalimentazione, idgabbia) values (50, 'Leopardo', '2009-10-21', 'Femmina', 147.4, 'Erbivoro', 13);
insert into animali (id, specie, dob, sesso, pesoanimale, tipoalimentazione, idgabbia) values (51, 'Giraffa', '2015-09-06', 'Maschio', 57.1, 'Onnivoro', 9);
insert into animali (id, specie, dob, sesso, pesoanimale, tipoalimentazione, idgabbia) values (52, 'Coccodrillo', '2020-04-03', 'Femmina', 173.0, 'Onnivoro', 16);
insert into animali (id, specie, dob, sesso, pesoanimale, tipoalimentazione, idgabbia) values (53, 'Scimmia', '2015-12-11', 'Maschio', 31.4, 'Carnivoro', 23);
insert into animali (id, specie, dob, sesso, pesoanimale, tipoalimentazione, idgabbia) values (54, 'Civetta', '2017-08-31', 'Maschio', 129.9, 'Erbivoro', 7);
insert into animali (id, specie, dob, sesso, pesoanimale, tipoalimentazione, idgabbia) values (55, 'Asino', '2015-05-08', 'Maschio', 132.0, 'Carnivoro', 9);
insert into animali (id, specie, dob, sesso, pesoanimale, tipoalimentazione, idgabbia) values (56, 'Giraffa', '2020-01-31', 'Femmina', 198.3, 'Carnivoro', 5);
insert into animali (id, specie, dob, sesso, pesoanimale, tipoalimentazione, idgabbia) values (57, 'Giraffa', '2012-08-31', 'Femmina', 163.4, 'Onnivoro', 2);
insert into animali (id, specie, dob, sesso, pesoanimale, tipoalimentazione, idgabbia) values (58, 'Koala', '2014-12-29', 'Maschio', 134.5, 'Erbivoro', 17);
insert into animali (id, specie, dob, sesso, pesoanimale, tipoalimentazione, idgabbia) values (59, 'Ippopotamo', '2020-05-07', 'Maschio', 183.7, 'Onnivoro', 4);
insert into animali (id, specie, dob, sesso, pesoanimale, tipoalimentazione, idgabbia) values (60, 'Pinguino', '2017-06-16', 'Maschio', 180.5, 'Erbivoro', 16);
insert into animali (id, specie, dob, sesso, pesoanimale, tipoalimentazione, idgabbia) values (61, 'Giraffa', '2020-04-03', 'Femmina', 113.3, 'Onnivoro', 13);
insert into animali (id, specie, dob, sesso, pesoanimale, tipoalimentazione, idgabbia) values (62, 'Civetta', '2018-06-13', 'Femmina', 147.7, 'Onnivoro', 7);
insert into animali (id, specie, dob, sesso, pesoanimale, tipoalimentazione, idgabbia) values (63, 'Pappagallo', '2014-03-11', 'Maschio', 65.6, 'Onnivoro', 14);
insert into animali (id, specie, dob, sesso, pesoanimale, tipoalimentazione, idgabbia) values (64, 'Leopardo', '2009-09-16', 'Maschio', 73.5, 'Carnivoro', 4);
insert into animali (id, specie, dob, sesso, pesoanimale, tipoalimentazione, idgabbia) values (65, 'Civetta', '2020-02-05', 'Femmina', 33.8, 'Erbivoro', 8);
insert into animali (id, specie, dob, sesso, pesoanimale, tipoalimentazione, idgabbia) values (66, 'Pappagallo', '2013-01-05', 'Maschio', 52.2, 'Carnivoro', 7);
insert into animali (id, specie, dob, sesso, pesoanimale, tipoalimentazione, idgabbia) values (67, 'Pinguino', '2014-02-19', 'Maschio', 122.3, 'Carnivoro', 9);
insert into animali (id, specie, dob, sesso, pesoanimale, tipoalimentazione, idgabbia) values (68, 'Serpente', '2012-11-15', 'Maschio', 24.8, 'Erbivoro', 22);
insert into animali (id, specie, dob, sesso, pesoanimale, tipoalimentazione, idgabbia) values (69, 'Ippopotamo', '2015-09-10', 'Femmina', 183.2, 'Erbivoro', 13);
insert into animali (id, specie, dob, sesso, pesoanimale, tipoalimentazione, idgabbia) values (70, 'Coccodrillo', '2017-01-06', 'Femmina', 101.1, 'Erbivoro', 14);
insert into animali (id, specie, dob, sesso, pesoanimale, tipoalimentazione, idgabbia) values (71, 'Asino', '2015-12-17', 'Femmina', 153.3, 'Carnivoro', 27);
insert into animali (id, specie, dob, sesso, pesoanimale, tipoalimentazione, idgabbia) values (72, 'Leopardo', '2019-05-14', 'Femmina', 142.5, 'Erbivoro', 8);
insert into animali (id, specie, dob, sesso, pesoanimale, tipoalimentazione, idgabbia) values (73, 'Serpente', '2020-07-03', 'Femmina', 77.8, 'Carnivoro', 11);